Group,Segment,mean_psi,std_psi,mean_dist_cmass,std_mean_dist_cmass,mean_dist_nearest,std_mean_dist_nearest,var_angle,std_var_angle,vicsek_order,std_vicsek_order,Manual,Emerged,mean_beauty,std_mean_beauty
A_2,1,-2.446541905009146,0.4273703940440529,0.2211304165079205,0.04234324904288755,0.14543344945883732,0.02148899838727596,6.275370206243005,3.735642738294003,0.27078144366551277,0.14042992713063424,1,0,4.113636363636363,1.9791460349060002
A_2,2,-1.1585179566438246,0.8410101629222089,0.1867367146279819,0.007012323906404237,0.12167950435536043,0.009016708342478294,3.914421316765258,2.5482900221661215,0.21735578856475446,0.1009032619819802,1,0,5.5,2.096508725765123
A_2,3,-4.55930806887921,1.3602815913257473,0.1822536463236783,0.005900504003400414,0.10696889113404634,0.00744862889546819,4.949722584772599,3.143202526953484,0.18524893187000474,0.07556876254723505,1,0,6.25,1.8939929520263747
A_2,4,-5.521123091122657,2.743204868437092,0.1639528715310022,0.01468241953330471,0.10322426306624968,0.012525633907951111,5.969588263400181,3.772577476356436,0.2416796224044785,0.10994295290095289,1,0,5.159090909090909,1.9993392143077975
A_2,5,-4.62826156340728,3.729847439866466,0.20566728739634269,0.01644936811743197,0.12636987589342627,0.011809756984187956,5.305102505239298,3.592198808545563,0.20339473239887554,0.09296309055567137,1,0,5.113636363636363,2.0933550359539854
A_2,6,-3.734819700384874,2.4186035490577287,0.2546362054806214,0.017186617144583922,0.14873428692227503,0.018005793606466623,5.68553452229541,4.598011879452483,0.28879641251311816,0.1083626020182203,1,0,3.590909090909091,1.7694852992046812
A_2,7,-3.650016888064359,3.5409341247372765,0.2459940250422609,0.01216513885282279,0.1465975632519955,0.011953392932374308,4.738839164140688,4.081530566795279,0.3827204751246017,0.13840127055580534,1,0,3.227272727272727,1.7635012262691665
A_2,8,-4.458667130945232,1.479845431119325,0.22233004388248317,0.016798634658519877,0.11876275994268169,0.027299036987818253,3.456342145457534,2.47099282906244,0.2817629520259983,0.13858198320264578,1,0,3.1818181818181817,1.7688878028853658
A_2,9,-3.2872465001623894,2.4824132564571397,0.1861438031806296,0.018586413621676488,0.1112583065925264,0.013353363577002187,4.134798518888775,3.7819479447408524,0.3598825309111067,0.13231800094344126,1,0,4.363636363636363,2.080819484039536
A_2,10,-4.052817000878616,0.9040662984299311,0.2593296763851923,0.022854084647239616,0.14875257387408733,0.012390036078089074,4.565314405284466,3.600810735236474,0.31766315447889937,0.14777013485683965,1,0,3.4318181818181817,1.6621326630053257
A_2,11,-7.04984233731021,2.2496320559688123,0.23884530549959856,0.012191773121691037,0.13688851007351074,0.010262451530672699,4.671099640810799,3.7065189697542076,0.28363280623350856,0.13179267018276555,1,0,3.3636363636363638,1.7926323257687622
A_2,12,-4.868892005064072,1.8021778190196618,0.22330020047888968,0.023944805182475208,0.11483651032484156,0.01699807919025782,5.229005261510933,3.328962748152217,0.5176536270744926,0.18132379757376407,1,0,3.409090909090909,1.9207336512346527
A_2,13,-8.743191045241407,3.257211112801956,0.2145287739745017,0.02248202773937829,0.11800156183254425,0.015857861880456518,4.571914583031336,3.5120121879741806,0.3766781649576843,0.21113075192179911,1,0,3.6363636363636362,1.8183932223820771
A_2,14,-0.23879375130009914,1.76716004054466,0.24221700889430878,0.012637507060418116,0.11950327354331955,0.01234658220349288,3.422751883648257,3.6775984616512414,0.5913997593704311,0.1584621266902129,1,0,4.9772727272727275,2.172648542984328
A_2,15,-2.4469320812482667,3.0636308885394925,0.2058494480856203,0.01996032814934241,0.1136845864050442,0.010843769995822016,5.573049303134954,5.824187917524056,0.7580336372518275,0.08388136307139882,1,0,5.0,2.011594300028457
A_2,16,-8.683978070772623,1.56481246209165,0.20757762354786208,0.016872379603007436,0.09651393426751133,0.007893812245412198,1.7971682760872407,3.0951661327470648,0.817932304873302,0.06941780284937969,1,0,5.25,2.2321644517227854
A_2,17,-6.943176530645216,2.5284832565936566,0.17360020172931362,0.012257956280785444,0.08537491408104163,0.007049112617127363,1.083406186177812,1.763094200649502,0.8072039388447827,0.09205916622908647,1,0,4.75,2.2632041497080673
A_2,18,-6.288270035934518,1.6956930789317588,0.1942713014380459,0.01438203031959674,0.10032230293479284,0.010191444309302243,5.777264106435303,5.903143025458192,0.7481092546838647,0.15366636065253977,1,0,4.7272727272727275,2.061424618746411
A_2,19,-16.895645994011247,7.593251905143826,0.1992232596720627,0.019856331254223748,0.1259383699408239,0.006756187228986523,4.448370122832825,5.076264763451085,0.6239145570847632,0.0926830167471653,1,0,4.931818181818182,1.78361701062531
A_2,20,-13.589377002600296,3.878988686780594,0.24121334017026103,0.011858930670073412,0.13882902601612118,0.02387204096724169,1.9183144340725813,1.5590424389209026,0.5594851248185431,0.11237486875604798,1,0,4.340909090909091,2.067952383714572
A_2,21,-14.504476179340104,1.7154514789218942,0.2956001022702192,0.01658940368903662,0.132139580387354,0.01652007881762695,5.686185419045747,5.600519896196515,0.46630759528302584,0.1749018067862494,1,0,3.25,1.4487364181597442
A_2,22,-8.609321252629835,3.9303660701085725,0.30513509011671114,0.021918462225457524,0.14113030231834503,0.0071986707510861316,6.429025501705629,3.2721421443265086,0.25346169990163536,0.1084639067083304,1,0,4.136363636363637,1.8247766233592984
A_3,1,-2.4599403017431567,2.219509625801466,0.24240849326215433,0.007609104637324113,0.12858427337035125,0.00927375954870606,7.272434388786957,3.0956081179153023,0.11391382707636785,0.05317586800678024,0,1,6.0227272727272725,1.8737927755625825
A_3,2,-0.35733531324028445,1.8666355846427127,0.2177021348193253,0.0092818734024216,0.11778318040679413,0.004962498920894406,4.895305471104859,2.787533969134662,0.10191549895220417,0.049746749354752526,0,1,6.795454545454546,1.8749207171398619
A_4,1,-2.4591229551878433,1.935310771896151,0.31631808977755965,0.016028975321177287,0.17648768072383245,0.014491756687751727,5.653186582575205,3.3623461718400285,0.19834979553483162,0.09527070295946617,0,1,3.5681818181818183,1.8726641546045582
A_4,2,-2.6810674950583357,1.753955824688658,0.2643023781864012,0.024944068680274427,0.15237724890825038,0.01263316593215275,5.325548263049094,3.678494911098493,0.2502833767951007,0.12607305145678377,0,1,3.2045454545454546,1.7196476850438094
A_4,3,-2.5917181134811975,1.096123428694,0.2772064386753898,0.01698295160820675,0.15865635594492652,0.011813751606062475,4.5341637379494335,3.7782272837872837,0.32119281739150973,0.19155675263182467,0,1,3.4545454545454546,1.7043657410547723
A_4,4,-0.2454891662625992,2.7252100833389514,0.2972423884970086,0.012260394202749467,0.1917199906486661,0.021104315746186368,5.950036041344288,3.4385791534441106,0.19585983518089878,0.0969334149125602,0,1,3.3181818181818183,1.7754492032018563
A_5,1,-5.89160548234988,1.640400397933566,0.2583796300348899,0.04514878722572157,0.1518401151756096,0.02514266388241416,5.8724213718070395,4.281915931119894,0.3960326002837912,0.164429446393174,1,0,4.090909090909091,2.043915324079854
A_5,2,-5.527096190332213,1.3122451552132148,0.29998679557569297,0.03520314690289219,0.17753864442854225,0.00840800687620279,6.444489237459454,4.53534633250544,0.23112962852996943,0.12869863383170335,1,0,3.75,1.699863195589848
A_5,3,-3.5019342265510205,1.5407388873841354,0.2359177064620759,0.026136317450042985,0.14339686782322486,0.019024309338799564,3.6091911041634273,2.6289394981383887,0.3275785989042466,0.14843236546300975,1,0,3.4318181818181817,1.7035902891100623
A_5,4,-7.66082045802529,3.0435670914129966,0.2519182213139046,0.0206616065509275,0.14681142226692176,0.016215688414073094,5.406073418111845,4.773267838822866,0.5531210379744558,0.12146032889697966,1,0,3.977272727272727,1.7585490367310597
A_5,5,-8.62155948784689,2.0750213331696865,0.28801415174952205,0.035016719141926146,0.13904059355146614,0.01523093304523497,4.1476770795912055,3.344704014616826,0.2919539224928835,0.18395598447219366,1,0,3.727272727272727,1.8345981926681456
A_5,6,-4.918055587376783,1.1293118917174787,0.2990130289509105,0.035356121909047904,0.1563068818780316,0.013281090111137624,5.455505383191999,3.279572510632969,0.20560325431069687,0.10490134875872885,1,0,3.7045454545454546,1.7859860862311934
A_5,7,-1.2492873953177137,1.4698005851662623,0.258428656803448,0.06616017214008098,0.11040464025913303,0.021906070910939136,5.0255573859744915,4.869502510579337,0.35328806757619685,0.20747391057951475,1,0,4.340909090909091,2.0339351458662227
A_5,8,-4.489255814255032,4.39211221363669,0.19645900714535028,0.047272350625249454,0.10557393044834831,0.010403651803129436,3.631196243815967,4.0577468672594845,0.4354095586808915,0.1791195795283759,1,0,3.6818181818181817,2.008965107557288
A_5,9,-4.3184796288217315,1.3083873557621106,0.20623472742777527,0.028898367558160935,0.1261787093228702,0.02197370619641758,7.3649645230945975,5.436773076083897,0.4086174966935979,0.16954634352480893,1,0,2.9318181818181817,1.9457494194738088
A_5,10,-6.7586699100745875,2.434771913455822,0.2343796328063537,0.029440904828234023,0.11654977023221552,0.019372918728373562,2.958815831235169,3.4088416391333385,0.4839140370429845,0.19187651343957127,1,0,3.7954545454545454,1.862475789816683
A_5,11,-7.2680113916557865,0.8970746127520053,0.2572839755530165,0.032863360229068925,0.13150715938313307,0.013484857497183906,10.329353335188339,6.100878827712833,0.41096346199893724,0.19429962691092428,1,0,3.590909090909091,1.6887890503729646
A_5,12,-5.059894062260231,1.0364708163271041,0.2694465130107563,0.037563912889195444,0.14268553070696413,0.020141685961096747,4.0959126188033705,3.451312389448758,0.310970359597557,0.13098209943074235,1,0,3.977272727272727,2.028731260798538
A_5,13,-4.8682574377825745,0.7887381641140547,0.21556012461690777,0.02072755833670448,0.11851551363678438,0.022401532557436713,6.116952017866461,8.318603555143373,0.7837759136698258,0.21585388739027672,1,0,4.909090909090909,2.2600492052492998
A_5,14,-6.307035128095298,1.9246608854438034,0.1765623804983792,0.016763590381631496,0.0962022721717383,0.016595638891577644,7.711475527742995,6.679012119444931,0.7879157558197828,0.25662696836583226,1,0,5.659090909090909,1.8545128090647425
A_5,15,-5.214868947754981,1.6221383319007476,0.21529435027643348,0.016671543387773356,0.10242504991611416,0.01557991219667746,6.967535421141744,7.347221020908503,0.8232751339904095,0.2066594964562105,1,0,5.181818181818182,2.365180825701575
A_5,16,-5.963690119011755,0.3276247756116074,0.20189036037288768,0.025996065183696543,0.11272454785966182,0.020598726454631885,3.983767424727368,6.775931663519681,0.7813494583207236,0.18700867746331465,1,0,4.75,2.1794494717703365
A_6,1,-5.877504134069563,0.5725193677604012,0.36242356908695494,0.013174502937188878,0.212972562256674,0.029200969393418864,4.0416628329537225,3.3563405225302065,0.30728047890037435,0.17644928989947795,0,1,2.6363636363636362,1.9776766859109634
A_6,2,-5.382278269020885,0.788761334068349,0.2828129206884384,0.058197689636158435,0.17966813725197953,0.018506355596348816,4.398332155676879,3.3392568931058877,0.3418473746984365,0.1556193686213582,0,1,3.159090909090909,1.5692270622630395
A_6,3,-6.086919646904996,1.1889420496426646,0.19988416983219104,0.019349167537423988,0.1260856236450369,0.009644333629102463,4.676007011042728,3.5042157237618934,0.30053926216630206,0.13159092002337996,0,1,3.840909090909091,1.7110201202815987
A_6,4,-8.541745890697026,2.4592980775025866,0.2415462465815627,0.01926682266726322,0.1367155951132212,0.011789304836596582,4.654171770522824,3.186852100332549,0.2838659610036535,0.12652146777183093,0,1,3.5681818181818183,1.6480817217365764
A_6,5,-3.923373618939698,0.6372370287406265,0.26437562649517543,0.010738454381048796,0.14752760863468714,0.02161249576214445,6.234075343198838,3.915557161871258,0.354470456026484,0.1373199784982449,0,1,4.136363636363637,1.7466367560877394
A_6,6,-7.975683273958838,2.282638665534001,0.22418526840826847,0.009009894187427798,0.13827368363045667,0.010131401926986082,2.359769996079281,1.2464570187072517,0.3943937142146933,0.11061701402153301,0,1,3.9545454545454546,1.9284232076111503
A_6,7,-10.381829400020516,1.48443656692256,0.29713489237288154,0.03020550550306846,0.18144779114716267,0.017755402885315873,6.176373772832966,4.312042694529495,0.29034263670700694,0.14532930438494526,0,1,4.704545454545454,1.7331185154465085
A_6,8,-12.251894359982996,3.312728341843113,0.28662153969973236,0.03910079308381241,0.15673835295774652,0.0383913698245133,4.2835203186022754,2.745902601526706,0.2769532772304846,0.10981368930685854,0,1,4.613636363636363,1.5282747392556533
A_6,9,-2.7523392737320607,2.3179368721518063,0.26035032548956777,0.01027051807786269,0.13923809917327964,0.006792790305133774,6.210815090246187,4.009321472421002,0.2365261749476326,0.11419889324868887,0,1,4.75,1.8188291659426734
A_6,10,-2.7673535638134674,0.9979278751875242,0.24232525921430162,0.003261632797564602,0.1339242780539364,0.005263480042636647,3.9845214987992987,2.0415204120951445,0.20500724289909786,0.07342532003140488,0,1,6.659090909090909,2.0566758211745
A_6,11,-1.9083325667696183,1.0767906206782665,0.2550165339716043,0.008389082001649534,0.13262926224849,0.008194147817559647,6.709543662368787,3.6322192391509356,0.15055045510894124,0.05763037043147102,0,1,6.181818181818182,2.1810252258836442
A_6,12,-0.23504752607182897,1.176403365079553,0.2659692622636477,0.005962583092685259,0.14472493002411474,0.0030565721266500884,6.090441030449589,3.658520342331951,0.19155170418619402,0.06236335614870093,0,1,6.863636363636363,2.1085750626728954
A_6,13,-2.4165143370408377,0.7239379150301986,0.26270608666268597,0.005246986990018915,0.14132433021690893,0.007241509618191218,5.404162019302305,3.073423409942918,0.15204259846969972,0.05184919632151408,0,1,6.568181818181818,1.835030286458475
A_6,14,-2.069074945195083,0.9688240771467713,0.2653742720595857,0.0071189047376296714,0.14277852393015747,0.00464086184132607,5.019806500764166,2.885351110722971,0.13565927517844997,0.058289112195539394,0,1,6.568181818181818,2.0161871368562303
A_6,15,-0.5050871421471669,0.6899351750325657,0.26202124176282937,0.011409667657424728,0.1413266703950305,0.006967686703039016,4.697199199001275,2.729568170777288,0.13138116975231803,0.056694782828309656,0,1,6.2727272727272725,1.7167253354507344
A_6,16,-0.051732052657681576,0.568962806473496,0.23852831546147735,0.005338841783065279,0.1279044354988424,0.00531110641417891,5.223016823262916,3.067050153206256,0.11231102650111738,0.0558996283714327,0,1,6.681818181818182,1.7087017684824999
A_6,17,2.0104064348387554,1.0744485170715807,0.19208332232654438,0.027327031491551287,0.10627439154017061,0.014730979458298408,4.541887718681335,2.922119875821497,0.1552684615496592,0.08667335253373501,0,1,6.136363636363637,2.0639869871920453
A_8,1,-3.5563720231043017,0.812533869128191,0.2841569561322982,0.013734237925052567,0.16753804629972904,0.015063125257200142,5.664144459176879,3.4653621707179734,0.21330554562229145,0.09872899932872448,0,0,4.113636363636363,2.059757369894081
A_8,2,-5.062971982772618,0.582616303144865,0.2823119613559672,0.025006675363930784,0.16485514041544497,0.019393657669688865,7.176243003619939,4.3997674267553615,0.3184569265151654,0.14324566913984405,0,0,3.0,1.8172301949382605
A_8,3,-6.5381934059777755,1.4754328637218141,0.2697044117545414,0.03702908643325767,0.16598996601425767,0.024764107212561934,3.6474118321836375,2.1142823182486845,0.3057267271045404,0.14124172557278253,0,0,3.772727272727273,1.8409254038376228
A_8,4,-1.7667352160434715,1.4143767739783872,0.34205180819462616,0.030380228278772865,0.18822669842363873,0.015590210699422081,3.6225097039665357,2.7985222609842584,0.34498132095295025,0.16295777129280425,0,0,3.6136363636363638,1.8327246090453475
A_8,5,-3.274300931243159,2.241934879816635,0.30129631142821606,0.023973603260680498,0.16405613673610067,0.011581370975237261,5.385702050268869,4.4785386368467694,0.29326205395603117,0.1803808272585468,0,0,3.5454545454545454,1.9819481308133855
A_8,6,-8.97620913760338,4.322632571357755,0.2839202362154745,0.041579984514884316,0.1682983383217435,0.019388247639088505,6.1429823195373,5.357543293825046,0.3300014164208674,0.12088842099369017,0,0,3.8636363636363638,1.850089992668604
A_8,7,-7.857978113846666,3.5291203888770863,0.28272882007287464,0.025355095339692033,0.16200198921280345,0.021974339178026978,3.4071154352369577,2.9321446999199927,0.2696499248237842,0.12638257073687287,0,0,3.372093023255814,1.8519392129018435
A_8,8,-0.1733309032900624,1.2303706908953598,0.2799614884598578,0.025102151515245058,0.13720655314796174,0.028483088718250393,7.57862538023077,4.2769905488589,0.28434154070423595,0.12676863006565647,0,0,3.25,1.713489571496689
A_8,9,-3.6702104533072837,0.9211870655327267,0.24182073342474447,0.04271126797079932,0.12952765361051885,0.023175161568861912,2.342290945576489,1.2516860431767816,0.3783475889861683,0.1168316599699912,0,0,3.8636363636363638,2.0299032980851988
A_8,10,-6.907958345639961,0.7820529025828336,0.14646276771378228,0.02419838480154521,0.08363371035483406,0.012947456015405461,5.747451118196065,4.251105093772623,0.3385443270151631,0.15029727340176874,0,0,4.045454545454546,2.1776298770926994
A_8,11,-1.9983199904480917,2.617071119711394,0.11206549423010523,0.017890045288098972,0.07938338246437768,0.008626464900298898,3.8698890789252327,3.6699208804262153,0.31275153994981036,0.15884872362824226,0,0,4.0,2.2619193331698284
A_8,12,0.23799318536926864,0.5480441315910988,0.09011743062354943,0.010742173181524749,0.05420027991860918,0.008850628062467314,4.20437962469637,3.3926994086331828,0.2816350001940889,0.1494551379834912,0,0,5.681818181818182,2.8183182126170054
A_8,13,0.258202124504747,0.5274308947589376,0.09788539847387336,0.016344401780486822,0.06014470284470635,0.010765924509910534,4.10873484750933,3.231591344245859,0.24823837206700577,0.1411614207347267,0,0,5.795454545454546,2.49258943955175
A_8,14,-1.466889057768451,0.6761986554660198,0.123342694403382,0.010908490458123919,0.0770234638835758,0.005320637744118007,3.5531363544958596,2.7656263596305513,0.328428059762109,0.16067200594633643,0,0,5.159090909090909,2.7529534399815287
A_8,15,-1.709956512720339,1.8269961919787379,0.1921457838076598,0.03823362209268032,0.1216569071099429,0.02805015214150674,3.9913369472183637,3.046292408471505,0.298289909199001,0.1472946154073838,0,0,4.136363636363637,1.959958579188679
A_8,16,-4.92539988414544,1.441715334638508,0.25245789706904476,0.01503517489636232,0.1414074496544607,0.017353508182449646,6.265067972483727,4.516625756118454,0.2939857058609545,0.13953935353507782,0,0,3.659090909090909,1.8292606438589467
A_8,17,-10.377574962217526,2.7274031967414993,0.24180649324845824,0.01740752798858512,0.1378315792923753,0.013753838340769977,5.716128363509466,3.9982106842281606,0.3884431059352144,0.12363491843819048,0,0,3.659090909090909,1.9040126760641871
A_8,18,-8.955216453082675,1.5758844742756757,0.24188922221664552,0.0390808622952191,0.13127096796955745,0.026144655509339094,4.555219504298193,3.220935746872382,0.33200795066870087,0.14207184886861135,0,0,3.909090909090909,1.8149019041744099
A_8,19,-8.3481241868327,2.365999633255373,0.24094618945356888,0.037023172858467734,0.13183860214969764,0.013648907516700582,2.5868948217114456,1.5917637012516481,0.3983000553834637,0.16811042502474804,0,0,3.227272727272727,1.8154842567978278
A_8,20,-8.518585574683053,3.36155023946027,0.26693414048425473,0.026053913186729602,0.1607267746759285,0.031647420416252375,4.593236384110531,3.710187292144106,0.3015546534412517,0.13259310111838482,0,0,3.2045454545454546,1.6923843844891089
A_8,21,-4.027832186195524,0.9803320834246113,0.30776917585900726,0.012332516285296568,0.16510653364003722,0.02803756339181001,7.613142343073048,3.4734798096711232,0.27875896939048145,0.12526628356569014,0,0,2.8863636363636362,1.88279738799169
A_8,22,-6.282738568604777,0.41466331382443494,0.24375676844738922,0.04327700037790932,0.13075427656469965,0.013860188492232852,3.081918380392819,2.5626854299549247,0.34811076414267483,0.15507811969635407,0,0,2.977272727272727,1.9705817387275117
A_8,23,-5.1534595135008505,0.7162005087249336,0.2206873322968593,0.01688175966766785,0.12330785080082926,0.01376436579468375,6.041977759174258,3.9598425463456177,0.3052520946747909,0.14398573858551209,0,0,3.3636363636363638,1.6856564395318838
A_8,24,-4.219403563620074,1.8129125119718057,0.22359464753128827,0.025868468452499797,0.12102410059292389,0.014112156927730102,2.4920687011795666,2.0414219382298633,0.3919317645124655,0.1654172383807165,0,0,2.8636363636363638,1.4720798305404987
A_8,25,-1.653440300755468,1.1084169332604765,0.21269896603820154,0.026478543966781593,0.13157271959216127,0.012963726504833779,7.166836755903819,4.448631496307767,0.30537348760893035,0.14265275413982204,0,0,3.0,1.752075181566266
A_8,26,-1.303967612287451,1.9985999558307093,0.27700834702382354,0.018850073551079375,0.164791799282352,0.018686599019340295,6.167745912451494,4.091069741788697,0.209276268100826,0.09687414588442686,0,0,3.25,1.9062321291575588
A_8,27,-2.7748759544439965,3.9076646790829344,0.2895795351138168,0.06984936147700467,0.18560255773665854,0.05803617444760337,3.447229484615573,1.9572342211863156,0.26739988987745966,0.15383643916426856,0,0,3.0681818181818183,1.6760658153354695
A_8,28,-4.557950867041827,1.0895922694179272,0.609508364871826,0.13100160305507474,0.4692310730799064,0.14498293492008932,5.396689119011429,3.236774978636599,0.2961791458449326,0.11322461539085223,0,0,2.9545454545454546,1.964268553781332
A_9,1,-2.7770961544225425,1.3470699883765995,0.2885258099848144,0.03273208557269879,0.14857040346133946,0.012138146195667212,4.548784033391513,2.9940939186966413,0.20726107553948978,0.09441434520473793,0,0,4.340909090909091,1.9759387738629373
A_9,2,-2.8286994336633615,0.990499212701885,0.32138988379796024,0.022715964435754108,0.16103229262279303,0.030301165596571582,6.535261713160479,3.8897440456862635,0.1963327868057868,0.08244810445093612,0,0,5.340909090909091,1.7776805088494783
A_9,3,-6.093099455134387,3.7132772805712024,0.39855475828968223,0.052873616081971365,0.24150214685806784,0.04685658707748841,3.761858398580492,1.8526369788251555,0.2423748711091781,0.0863742756705794,0,0,5.704545454545454,1.9834143154477446
A_9,4,-9.164745812320735,6.037002409039508,0.6517666017572711,0.12433650856372908,0.45524329250737533,0.09810441443769129,7.534366631963889,4.203304130883827,0.2519897847142861,0.11100080588224334,0,0,5.069767441860465,1.9444101668655118
A_9,5,-2.6940029229376865,1.4068290570876822,0.3208621827691898,0.07000240456302277,0.18854033317079089,0.08615697537847965,5.941594581098898,3.6033555375792607,0.16794196157860355,0.09982699678804915,0,0,3.477272727272727,2.0172354598891644
A_9,6,-0.3226893780088474,0.5919069542374563,0.3468253188585356,0.16675021823416686,0.22994941048467735,0.11193491294308748,6.11610593373787,4.0321965405106015,0.23381803225605063,0.12254424029445349,0,0,4.181818181818182,2.2440901950195014
A_9,7,-0.7546958860465699,1.4228046633331388,0.2675697806885512,0.043355489091328143,0.16672986285891062,0.02659701539883554,6.365710432952,3.5160606050150665,0.18613208910082013,0.08847793530580211,0,0,4.7727272727272725,1.8026290408106116
A_9,8,-1.5485440998638433,1.530198740550498,0.29407777301956817,0.039571885835674156,0.1671722206588252,0.02872807049707241,3.9874116285758685,1.8837442285691537,0.19843802394848234,0.05463186866012249,0,0,5.136363636363637,2.0752238219539296
A_9,9,-3.0519749609705102,3.8439667522960503,0.35216409379656394,0.05978997418630155,0.19441803206325564,0.055830528474271064,7.986474442144398,3.3220676224761316,0.13336344345681722,0.07323728680829339,0,0,5.431818181818182,1.7573464043204499
A_9,10,-1.1559380719705612,1.503473101522257,0.30228968379160037,0.024891262015331154,0.1760699052488948,0.03205321751938257,4.925838511012455,3.9426969188825414,0.2457854526189985,0.10625919269309606,0,0,3.840909090909091,1.8670108159547922
A_9,11,-4.721025105731317,0.9477182230722357,0.3062942992047682,0.04102864601174211,0.17722580421005465,0.01080829115103626,4.6970339897526925,3.6219699689371994,0.31633818482076587,0.11253979202484087,0,0,3.3863636363636362,1.728232180392614
A_9,12,-5.447989944280177,0.5743731161791016,0.32096418932437004,0.024238336584393057,0.1804394963873089,0.027787507610709167,4.841893133440402,3.423621631603955,0.24665060118989085,0.1283720499370273,0,0,3.2045454545454546,1.9117694890548866
A_9,13,-4.561558522157063,1.3298990441057341,0.3724717116905362,0.019814724807636335,0.1937285494217777,0.03043834434890307,5.262206572893601,2.7916413436606446,0.1647569330020998,0.08509403621396977,0,0,3.5454545454545454,2.0624499481401988
A_9,14,-4.420509149860269,0.9821783444124133,0.32395547987361495,0.024269984028044048,0.1666103839685689,0.027634817171990466,5.616738370282038,3.321872373715574,0.16945117581994834,0.08369452737785328,0,0,3.3636363636363638,1.511058601527944
A_9,15,-4.64211083799641,0.901529163004517,0.3307312039258085,0.01420695459185617,0.19575917780315596,0.024774512600928486,6.221741947555173,4.412568243206876,0.3050664699984161,0.11433491568658424,0,0,3.840909090909091,1.8165029246506237
A_9,16,-8.704252542373384,1.7214691650322582,0.4353204874498366,0.22320310449763403,0.43295983146647726,0.2748138224256382,3.6595369293665194,2.2873838962030653,0.3378691301228579,0.1314764203772131,0,0,4.0,1.9999999999999998
A_9,17,-4.515882825618474,1.553298301774142,0.2769820845658893,0.0010576417161677087,0.3462447144846961,0.34929563057642016,5.212727558180855,3.781172177458592,0.23855650913665463,0.12195476431587239,0,0,3.659090909090909,1.8917591397178792
A_9,18,-6.2817849688056535,2.09969333458371,0.30283016661152856,0.016257071475821627,0.16662634254052852,0.022514994434929003,6.827622649737316,4.31284532951407,0.32399587191127693,0.10124614559078376,0,0,3.727272727272727,1.5901387443288224
A_9,19,-8.908954804287019,3.263305465770062,0.35805134031762365,0.10334769437053387,0.23306577356790611,0.08651994797091239,4.759227240349063,3.4775208317391235,0.31914035574175714,0.10252864020141574,0,0,3.522727272727273,1.910663300917108
A_9,20,-4.854151784591845,0.4849530330713364,0.2978892644000218,0.024434027798062707,0.175635356247346,0.022053998613868135,6.6892989896458666,3.6767243309652353,0.26240663046513724,0.08206233949670207,0,0,3.727272727272727,1.8969208386424854
A_9,21,-7.25020429234645,2.0366433049863613,0.32157345395933795,0.03554889835909993,0.19502163317947793,0.02642097116129183,4.021583231578694,2.7570833528570713,0.2245570952568149,0.12060804477011428,0,0,3.6363636363636362,1.8563644025153043
A_9,22,-4.107956420117483,1.3060501825062367,0.38745275758308595,0.036825129069647106,0.22448410008081515,0.038246720108926345,4.303722322515527,3.5661920042167847,0.28160212851356686,0.09539297687959243,0,0,3.8863636363636362,2.002508997057965
A_9,23,-2.944397984027924,0.9912283313346335,0.3674559161374676,0.009244176100108574,0.21496112920875393,0.03501818720020623,7.754927587098724,4.345122975032622,0.2914948328064817,0.14779992486817822,0,0,3.772727272727273,1.8282490843940653
A_9,24,-5.472372641315335,1.3734539714762548,0.3058295343521679,0.046363516623104714,0.17874286278456633,0.06089456963782348,3.928781969036067,3.199689232672234,0.3246747690984843,0.16306647467117313,0,0,3.3863636363636362,1.8453701852223034
A_9,25,-3.574063499374121,1.9688132512544678,0.36012736749890195,0.06168774792855985,0.1870680267619057,0.05145169980913149,8.504424601980757,4.014710216245696,0.34972796396819184,0.16000384456229577,0,0,3.227272727272727,1.5680477621409303
A_9,26,-2.27783889973671,0.7912249767137677,0.380486155544471,0.12042705598682492,0.26871005569832546,0.19448545075013332,3.592902390722588,1.762126084302783,0.24889946061554366,0.11349725197535707,0,0,3.590909090909091,1.992056105240779
A_9,27,-3.3542178466531394,2.026227976520848,0.32610540456681203,0.040587788359892046,0.19545001162512557,0.023286914812521174,4.923742963273838,3.280759672024732,0.3135102820555282,0.15852409786235014,0,0,3.659090909090909,2.0453370884763293
A_9,28,-9.123677366225847,2.0021238684749405,0.30060978924650156,0.03552890336614846,0.17140042485476845,0.03345006212432362,4.213905142649808,4.262676208955071,0.35577587006182027,0.14711492495610456,0,0,3.1136363636363638,1.728232180392614
A_9,29,-5.125649582909146,4.4316673239090845,0.3133311454821143,0.029130371272116602,0.1809048262203433,0.029075246350040135,6.675589656098917,3.597129528092205,0.24828217986827905,0.13487630118035612,0,0,3.9318181818181817,1.9095564719750324
A_9,30,-3.837724205104082,1.0568694694278378,0.3475874888358498,0.04025476153493258,0.21068471401750097,0.02594401921935898,2.718861186882998,1.1530740093063132,0.30417751772011753,0.16457662828312936,0,0,3.3636363636363638,2.0241668868015004
A_9,31,-6.223870298398706,0.7949208634069136,0.3479222839599519,0.02722715984527049,0.1919362296411273,0.020545128897435264,6.676741274700569,4.730138398480384,0.35072247503386556,0.12788147193801408,0,0,3.7045454545454546,1.9238955811551108
A_9,32,-8.990283503413403,1.0265821044482193,0.30291377094996264,0.010891051440784559,0.17947991583306913,0.005993975996247376,1.9557699781177649,2.1022316310188693,0.5529357810307807,0.1912638645560596,0,0,2.522727272727273,1.784801941505469
A_10,1,-3.0050791882639345,1.4421825715360193,0.3146796215136895,0.018500047216364748,0.18010572341193717,0.01351140155026673,5.855702846387816,3.261515690287665,0.22622635852788744,0.08817892218845129,0,1,5.340909090909091,2.1234371195883495
A_10,2,-0.626561489134615,1.8815681699416826,0.3211468832495651,0.018206906687119592,0.1618911883446176,0.023535814630573165,5.90939940359846,3.8307618952404594,0.18995018715682452,0.0979089710929952,0,1,5.954545454545454,1.9878063807091877
A_10,3,0.2743207377986039,2.7150354475951786,0.30607360794110633,0.021113957095571855,0.15042805045585,0.0195302918813937,4.9542540815056,3.6013641893485864,0.26435919772742106,0.09871430090217674,0,1,5.7272727272727275,2.1713101431724473
A_10,4,-7.976612264325968,1.5550603902785207,0.313715545095427,0.03540882599887299,0.16067203820607143,0.013023122748087706,6.41134303007668,4.181316389480152,0.22452621139499104,0.10766354282478256,0,1,6.045454545454546,2.352183997060045
A_10,5,-1.276632534721835,0.4353638232774433,0.29934296705223246,0.024349923980232075,0.16001296181849678,0.01573491426399369,4.575335482389395,2.5721132518364778,0.2042652077006998,0.1181584525069593,0,1,5.113636363636363,2.616725355405813
A_10,6,0.3781517613679254,0.4691473857741562,0.2689919570282203,0.029549845274477075,0.15041715966203187,0.015371762767166036,6.242738740147996,3.8282594220058788,0.177905886197828,0.12449785908113885,0,1,5.5,2.3575706850238283
A_10,7,-0.010212229982063814,2.8728607666076416,0.27803872059906,0.024310608152165285,0.15052047956877418,0.011005770521509747,4.512420366636051,3.0631094239700714,0.27234508783684086,0.10439414916907036,0,1,5.090909090909091,2.2289655731812146
B_1,1,0.17304594956235414,0.41890329323427405,0.32264593697254895,0.011501735042459785,0.17829538764908304,0.012085337458061392,5.287161856664342,3.2817702525643684,0.12990532454029652,0.05400876323158416,0,1,6.568181818181818,2.0730578164536095
B_1,2,-2.0278087231752364,3.1279962118295424,0.21891652711068493,0.03221165694478394,0.12463813774700189,0.014279476068695058,4.944446117464077,3.5827228467844767,0.19342565255735397,0.09133717525128374,0,1,5.2727272727272725,1.9453419184565006
B_1,3,-1.042745119696659,1.8478285470259423,0.22094546598274167,0.01641826853628908,0.1336857854390471,0.017987432180981283,5.108206129136761,3.5640316663465774,0.20523805353199684,0.10210293743739692,0,1,4.159090909090909,1.8292606438589463
B_1,4,-5.518065154901839,1.1976706630862883,0.31044230686815305,0.024333572071155735,0.17180268228038512,0.026148485134023094,5.169577125803107,4.023520075137852,0.35086828935553327,0.1994474066692679,0,1,3.75,1.780057485353434
B_1,5,-7.209549480213597,0.8448605777828636,0.31802801340580117,0.026292325595974057,0.1907613739564045,0.021743864917358705,5.118539854627077,3.5900680679554475,0.29345637689135273,0.1395340556351582,0,1,3.5681818181818183,1.9095564719750324
B_1,6,-7.636764112440956,5.000487034688885,0.3376122245664439,0.024225937506365737,0.1923377802142202,0.023628215266517375,3.248966488704052,1.232333360890738,0.26146166336317705,0.1012899195892088,0,1,4.431818181818182,2.306691250322179
B_1,7,-8.94157086737092,4.158769572044692,0.30543485435746026,0.030526753153790092,0.15398946899208632,0.02466977983930913,6.481903947257619,4.327142184678059,0.2999698683109589,0.10770622216151075,0,1,3.6363636363636362,1.7532814296826937
B_1,8,-2.382955751202472,2.27506212839814,0.2787657692392384,0.015723057220658223,0.149338169191355,0.028294901885337866,4.938515961419095,3.1751965177389416,0.18255286909678534,0.10584527858191829,0,1,3.522727272727273,1.9468356718512196
B_1,9,-2.3211821871962575,2.461585255938095,0.29677306986745744,0.041445131717431805,0.1311935535835719,0.017812129464471253,7.7855473660485455,4.327386085411367,0.24897643933158176,0.1066334634326495,0,1,3.522727272727273,1.994045045835298
B_1,10,-6.659170472899926,0.738882279294034,0.2828670388635777,0.02060031620297011,0.14272582261332875,0.012746443913215057,3.7850706537263434,2.3376260740093358,0.27546100594438166,0.12129374653016987,0,1,4.045454545454546,1.82940510669383
B_1,11,-3.3838237634249757,0.4059799133918581,0.302356871937002,0.01989085551008962,0.159165614758743,0.017076207195546925,5.197497241579447,4.021656947261745,0.189695396232265,0.09043233090523416,0,1,3.25,1.8188291659426736
B_1,12,-2.07907545377723,0.476932972249891,0.2848713962342956,0.02871883154421986,0.14456676484537212,0.01573186446038245,5.840409674139253,3.8201523144696283,0.20824817972658385,0.07970657820449879,0,1,4.295454545454546,1.650645334752941
B_1,13,-3.4843148255027856,0.6896115048764204,0.3476880066063663,0.02946837661127195,0.13439585723716044,0.0048535259474138505,2.4026994475286303,1.3157689386892992,0.3861022497588021,0.09795765186694468,0,1,5.5227272727272725,2.2359497889652586
B_1,14,-7.940388272130521,3.1001689141907627,0.3772775901598368,0.01039271204519851,0.17420528999059312,0.013443989337617568,5.9278038800249,4.499384247705298,0.3758494909803883,0.07390406132729724,0,1,6.454545454545454,1.9819481308133855
B_1,15,-9.83136505493376,7.429253580676537,0.36929244769407626,0.008822248249748373,0.1724194149864736,0.01588332485069805,5.672172359987392,3.86090551842364,0.332972778576253,0.05076660265218204,0,1,6.7272727272727275,1.7831724585449718
B_1,16,-5.422144960345848,6.0071799130976125,0.3140594611579572,0.04608148960281389,0.1426595664776365,0.011368196012455855,6.463537765110986,3.804689035995334,0.13681453938444169,0.0760408083033614,0,1,7.045454545454546,1.7514717459769664
B_1,17,1.791110330611102,0.9395475374683527,0.24437052566729028,0.0062132935056736,0.12990982130622528,0.005268542528102554,6.071454043807287,3.3394764796577316,0.08984090886424882,0.04078998534013344,0,1,7.113636363636363,1.8951088707869281
B_1,18,1.6954554104104633,0.5832632789901142,0.22040559189946343,0.006491824629195942,0.11967078386808798,0.007193136585345952,5.740324913118899,3.231658677947503,0.10201041988100715,0.047831079014385235,0,1,7.363636363636363,2.091965906286606
B_1,19,2.5592298563777875,0.5544712150107358,0.20529506117726562,0.013626160411299137,0.11622072186065557,0.010071707138446871,4.870593701099619,2.350655836808542,0.1304423502968374,0.05103532103781113,0,1,6.636363636363637,1.9058161785843648
B_2,1,-7.554118352843925,1.5692362033889795,0.30134804693657957,0.02185007754842862,0.17857300820717947,0.01886099520003436,6.667528648925484,3.7665726351538047,0.23578393646284354,0.1436111701148471,0,0,4.659090909090909,2.0339351458662227
B_2,2,-9.241568531282857,2.232542667212202,0.3306384575540468,0.009692320789145812,0.16019866062752897,0.01341481296188807,6.974754318903193,4.135803135022962,0.22873184806599456,0.07266073489970466,0,0,5.318181818181818,1.8523740552577295
B_2,3,-6.575378949577466,4.409710240140387,0.337459294694843,0.015697152558378436,0.164809318786003,0.01568100277947251,5.053369700689935,3.2329571119355083,0.1761925914210851,0.10297303017229255,0,0,4.386363636363637,1.967360515913941
B_2,4,-2.436786738453749,1.1215905349928235,0.30650396532517793,0.03230385361048248,0.14609697404038624,0.013151856884334966,4.1996912401923945,2.3672315491066565,0.33342874994805877,0.13563143403590147,0,0,3.590909090909091,1.6749617394891867
B_2,5,-3.7407683471770157,1.0622501244377005,0.23101988092049594,0.014066516702418028,0.14061802592959768,0.018976519564228193,5.346295818065573,3.8947635431441077,0.32397877165183736,0.17558833150378098,0,0,4.0,2.1993656590766304
B_2,6,-4.874039081570464,2.264840801110583,0.2788024444974648,0.02716806717664608,0.1595139160452231,0.015158988231640375,5.8958871447763865,3.912309684342741,0.2848442404361668,0.12726133516812893,0,0,4.136363636363637,1.8500899926686043
B_3,1,-12.329515393687078,3.2201362229946926,0.218760625984136,0.02327023030716443,0.1482444050004052,0.01912437477130079,6.145001747202193,4.478645220398907,0.4971560249637721,0.07865360559682062,0,1,4.545454545454546,1.9701793738966245
B_3,2,-18.463860508515033,2.565708272354887,0.23716643628608403,0.013393605399300396,0.1476950392492043,0.010420710311835902,2.8089610462620103,2.921157736096215,0.5286453271629286,0.09450532519912251,0,1,3.5454545454545454,1.9344435586511086
B_3,3,-13.605053060424504,3.8569551679841685,0.1926755046290742,0.014129270410473625,0.13615288334337633,0.021330596703871614,8.484433227680288,5.114182097312799,0.42286888350884294,0.1841628033337624,0,1,3.340909090909091,1.9040126760641871
B_3,4,-5.511376640943926,2.3321130626502447,0.16633160066570477,0.01714200027600725,0.11071528075867103,0.010452995260235532,0.9648466992826449,0.5942477596549571,0.6687585456120088,0.14619678441157224,0,1,3.6363636363636362,1.6856564395318834
B_3,5,-8.940906626024141,2.797491647824827,0.1622636723888472,0.015410976004706338,0.09651145678734979,0.00948342130530043,4.376575380267528,2.8810075695955013,0.4818698654258575,0.20415240803396684,0,1,3.227272727272727,1.9273265778906157
B_3,6,-8.675186886919116,3.0568596106563244,0.22464731632727142,0.030767584072316157,0.1188715291901686,0.013159836414851446,6.186972860384359,5.195689718722106,0.5751889148292978,0.24080132576807783,0,1,3.3863636363636362,1.7011064674295535
B_3,7,-6.949034896719947,2.647484572888203,0.2746389675993691,0.021260741227545826,0.14759832156001812,0.014516552648957837,1.8564514166860724,1.044850061506799,0.4737424950524357,0.1381214980786834,0,1,3.6363636363636362,1.8311377717452206
B_3,8,-8.306946667032413,1.0714166403179686,0.24096750894027633,0.019342223107254326,0.1486423208944069,0.014859234990840147,5.46669210496688,3.9840001815420134,0.3741927457128158,0.18239131546926282,0,1,3.340909090909091,1.6416551746556196
B_3,9,-3.6119603891702337,1.6154192818219029,0.24651025233071908,0.01390709970570265,0.1534191204261319,0.016583478760563812,6.613300761044645,5.152653763540595,0.3308022415446171,0.13453897828867298,0,1,3.022727272727273,1.6209190095492034
B_3,10,-6.41331429324578,2.3730030885700746,0.1833769144452947,0.022153852607442816,0.11830537690783022,0.0165123089150391,3.670768651302675,4.00169712837475,0.5282272535818303,0.12615262900867594,0,1,3.9545454545454546,1.9642685537813325
B_3,11,-9.009186711468436,2.1684631352427495,0.32559533721680933,0.0458230124265444,0.14964097878556057,0.012093646697581466,6.415415574222582,4.327584659750969,0.26791715999551646,0.12784109748031117,0,1,4.590909090909091,1.968569092161387
B_3,12,-4.77312302080541,2.479091241693213,0.31669490177094795,0.005558457208468269,0.14580454558410602,0.014231925740345501,7.466255256673381,3.7243044344387326,0.24002246898269816,0.09213367359411066,0,1,5.818181818181818,1.9080335338178316
B_3,13,-4.440423738445693,1.5231955230576708,0.3183967776384507,0.02041427678053266,0.1454457864767452,0.010378720700987833,5.601084549070161,3.633953310009276,0.19102596526153842,0.10446272515564681,0,1,6.113636363636363,1.7549386670646248
B_3,14,1.6997595133820904,1.1936863607663384,0.1811817115882715,0.03000875191237919,0.10213246527306077,0.011097378791560301,6.496706323546825,3.732726938155099,0.12069060770906485,0.06380080117958602,0,1,6.2727272727272725,1.7568952049281046
B_4,1,-3.3368370575492396,3.279612814235442,0.2711550704907362,0.016056283604350127,0.16500886510711962,0.013802446300653862,4.86519093978258,3.317491076087643,0.23017561801792602,0.07183886569673949,0,0,4.162790697674419,1.8762961559075133
B_4,2,-4.58501050751868,2.855135123757102,0.2641904493810359,0.018686379508363517,0.1592334485231217,0.007723127961303698,5.528795281009724,3.7275145663401372,0.15394567327146616,0.08905929019866192,0,0,4.431818181818182,2.0276888811480673
B_4,3,-7.3199702810272145,4.005334471828329,0.2878711037530208,0.01971495797797406,0.16440292673810344,0.013557171879841935,6.982750391693389,3.2226546280078416,0.15712749358980307,0.07857425285929982,0,0,4.431818181818182,2.0953739442336685
B_4,4,-0.4449405207321878,0.7413201204920875,0.2807426012337781,0.01769375754344621,0.1818873612856183,0.013225620286066858,7.147971775614471,3.245916474036632,0.1658550348198577,0.08016737745251344,0,0,4.2727272727272725,1.7167253354507341
B_4,5,-3.4626357824047385,1.4876645221153206,0.2651644077992622,0.04026436129779444,0.1647748143357529,0.027052106990732315,4.303951120016175,2.9157789282979776,0.26216039522577333,0.1325690989408965,0,0,3.272727272727273,1.7031248484686785
B_4,6,-5.435632684014257,0.5984401469129045,0.20188347328790499,0.013535881232327582,0.12724247668039404,0.011887952210356536,2.8599454366583066,1.9133263191687713,0.3270155309754918,0.12164591020929238,0,0,3.4545454545454546,1.7973435883631215
B_4,7,-3.223465526255605,2.718094504498033,0.2704353234662478,0.01651586841549769,0.15513707619754402,0.007834287209538365,5.418228002854642,4.085013070324866,0.32213693907988533,0.16132281411578972,0,0,4.681818181818182,1.9502263109310622
B_4,8,-15.107328350727402,1.9486214000863151,0.30665213928064633,0.019915061438418986,0.18389183945174783,0.020983287348452572,5.167857524768782,4.395358372791253,0.39916945161939293,0.1016071882182296,0,0,4.431818181818182,1.7573464043204496
B_4,9,-9.202952002036277,3.9082477929862214,0.34185906894320145,0.006583013366588237,0.16797161255682322,0.009882669902972544,7.619056944773848,4.916373860653354,0.277438904286986,0.08166726492243474,0,0,5.2272727272727275,1.7896814886640606
B_4,10,-11.06324539316259,7.4595086954360665,0.2698221820872659,0.052445376004660975,0.1520643655712964,0.019190266609326666,3.23218381765004,3.01282266327539,0.41427023772408433,0.10765289214429563,0,0,4.386363636363637,1.9073408872150472
B_4,11,-14.265625214073657,7.512369335551919,0.2981856544445243,0.01918680160177334,0.16698818980718244,0.015705193364292633,5.9943947256642165,4.388179250525963,0.2845981109542098,0.13935689194113277,0,0,3.659090909090909,1.8292606438589463
B_4,12,-5.12318898920075,1.353548581037383,0.2681873236697586,0.0333607201776319,0.13299025234215708,0.014572430580344778,3.588010147939722,2.7633568147286915,0.36936279529240695,0.16040916721712867,0,0,3.7954545454545454,1.9117694890548869
B_4,13,-4.79913940571,3.221428501421548,0.34987770525126366,0.02305904875371484,0.17864145727815284,0.008218898350110575,7.14731863608617,3.9103454295127134,0.19280521060693226,0.09980374642942404,0,0,4.931818181818182,2.050498830661811
B_4,14,-8.855915150587427,4.055285103388924,0.339153932415604,0.018180927492084144,0.17916176418353172,0.02160953738317255,3.423704402562592,1.8283645513544446,0.28091011909021674,0.08365010578070835,0,0,3.9545454545454546,2.045466290781406
B_4,15,-9.874648006657424,5.2736389090603915,0.30258201914939775,0.01609592543403539,0.15898922962048853,0.023268875085651095,4.559537838928768,2.1322925222949003,0.2479948152785818,0.13871803783273992,0,0,3.4318181818181817,2.117454892550799
B_4,16,-7.320897952745949,2.0153553172499543,0.3292730652492561,0.022376008279561092,0.17617821787289245,0.029358450904195185,7.672938785021679,3.5747783670262296,0.337884067906673,0.10785330899220291,0,0,3.0,1.9883380930045633
B_4,17,-6.9483749411508455,4.436756595683313,0.30703751718522,0.03410022379138037,0.18038412444363686,0.019087436473227932,3.3203039155520244,2.3424606097141147,0.3752887791163594,0.1537543561241718,0,0,3.522727272727273,1.7452745018136147
B_4,18,-5.860782401604427,2.534680768400823,0.33153304114876386,0.03768810154726225,0.19039692381319415,0.00796878146996689,7.12811445814947,4.71779126705724,0.30320848598945127,0.16682471834892462,0,0,4.340909090909091,1.7645499039801522
B_4,19,-12.671345656335406,4.342169705116124,0.3546619896378533,0.020115353590552405,0.20404874863581132,0.024121426031624045,6.635779245980974,3.796788372497691,0.23636305159585227,0.10907309910574199,0,0,4.386363636363637,2.2641381037970145
B_4,20,-7.087461974051331,1.6077819664474182,0.31555725441889254,0.023217718515318363,0.17195780964286164,0.019456161420022,6.5897084735212506,5.051961850386163,0.27771831544482833,0.11000777313510343,0,0,3.5,1.9941775713427607
B_4,21,-7.844145021365616,1.0633555312761207,0.33756792777735195,0.03814636750540219,0.17160089007828538,0.019153495755400398,4.522231907447846,3.2249628735992997,0.2483228634491447,0.13246915441432716,0,0,4.863636363636363,2.075223821953929
B_4,22,-5.25685082726999,0.3689629492057627,0.3396616351250493,0.016112187377314034,0.1682851109757797,0.007265410125036222,6.711059581355093,3.694995278949926,0.15713792391302747,0.07266847087315997,0,0,5.795454545454546,1.7597508472501053
B_4,23,-5.412791524774206,1.248474708401887,0.30622818360922094,0.008281278327348207,0.15868708221966235,0.013397176775344511,8.151798989884417,4.095821297271571,0.18632387430882769,0.09808811247009326,0,0,5.204545454545454,1.8118414820357132
B_4,24,-9.304015287326298,5.901297835400475,0.3011200053740949,0.015492816014933911,0.15102128491984523,0.012629841698479043,5.085657882074792,3.181175515198233,0.23212708181694358,0.1283072361337729,0,0,4.659090909090909,1.6557606531079756
B_4,25,-4.536155192283934,2.1483870585719296,0.2836810201697462,0.01710676826371595,0.1297405291038314,0.010064419660939896,6.8123121890430145,4.293628151360828,0.20437511842823658,0.0977292932890901,0,0,5.295454545454546,1.862475789816683
B_4,26,-2.746725391971841,3.921350233303657,0.30293931725671003,0.016576720834966276,0.14685173626023632,0.01331949445337709,7.6201940083679425,4.125849143345805,0.19277909964491916,0.09716037859802334,0,0,5.704545454545454,1.6506453347529408
B_4,27,-3.4688923561988085,1.9527904783067682,0.32393754070597147,0.010646142795712566,0.16659549362103784,0.010450129425095961,3.488602558618453,2.2105418285534184,0.24845050040152722,0.09658490870584363,0,0,6.045454545454546,2.1235615701156116
B_4,28,-3.48757732885658,1.1865781449390744,0.3415079104701305,0.01712976675184176,0.1782083315348925,0.014219426924026664,7.440014943160988,3.9263306017836848,0.30461160566418144,0.10164030351411706,0,0,5.363636363636363,1.6856564395318834
B_4,29,-1.8248027176960322,0.322045248796291,0.36461727543568073,0.016169892985458484,0.19626571453619718,0.007667365861396516,5.755340448045493,3.284078109846614,0.13228064928218067,0.06898072587349655,0,0,6.4772727272727275,2.0963826692622427
B_4,30,-1.5113776995349204,0.5586076715028845,0.3252464325950939,0.0075845460282687694,0.17050600785952372,0.007009538390041758,6.925345829949182,3.6301072359622566,0.15188041688410572,0.06046043469924836,0,0,6.409090909090909,2.0944909113170804
B_4,31,-1.1342857157197435,0.9207811760960855,0.3231690055812918,0.006442565656786126,0.17469695803636454,0.007362055308410327,4.078455455730523,2.2847202357480474,0.15730419488132721,0.0651540160746025,0,0,6.318181818181818,1.8896625424431994
B_4,32,-3.404791751806368,0.7071559747115648,0.3332535464978809,0.010916723539221013,0.17282063289096056,0.007642355342252053,8.10682219553214,3.6622859035510733,0.15263059897807058,0.07101558600163754,0,0,6.318181818181818,2.143380586425655
B_4,33,-1.8574800572216466,1.749469706847814,0.35248551948744394,0.01942595145800185,0.19507852060941985,0.014884797663095372,5.416266469879006,3.136239807572727,0.12831238634617367,0.06585199612814423,0,0,5.9772727272727275,1.6065076431847418
B_4,34,0.6255618806812623,0.7305788173434489,0.2747610408082032,0.03772683478771524,0.1535939636335294,0.011681258078232181,8.223289528674293,3.1857204172031928,0.1678833845148822,0.07777623512806507,0,0,6.0227272727272725,1.649364026324063
B_4,35,-4.3120643145622575,2.9263572109991705,0.16612583864897335,0.013861988916692426,0.10266723556980771,0.009845376148781173,3.864330414317375,2.047615640793151,0.1900346539556845,0.07686846634915916,0,0,5.613636363636363,1.6170013747949612
B_5,1,-7.717889546635951,2.505684908487095,0.3164506176161526,0.018294297095271486,0.1803909171733124,0.015794645672163963,2.8291032818394304,1.6765914393118515,0.3028917608449818,0.13313034417381533,0,0,3.5454545454545454,1.6629274474733566
B_5,2,-7.770662031794666,2.910438937650859,0.3181364907690154,0.025539337787411385,0.20186185234874643,0.013213814039886296,6.29449637006677,3.9460514180787034,0.3291628667797287,0.14033940133064124,0,0,3.727272727272727,1.9925866835176635
B_5,3,-12.989123368546155,1.4503075353571089,0.2770109198371673,0.018859998290085795,0.15277773326656632,0.023417025161448512,4.162750786323407,2.801348322995972,0.3092206449320807,0.09503333495326047,0,0,4.159090909090909,1.8292606438589463
B_5,4,-7.804525172668167,0.8432764267255767,0.2747605209573109,0.015190948478066315,0.16067099593119274,0.020948865970385838,4.874913955209582,3.4623121431293153,0.24389294921829324,0.11346708624633584,0,0,4.659090909090909,1.7513208545921521
B_5,5,-6.417133913010291,0.6498237210946946,0.27348372369459867,0.015100639765757633,0.1473380004732284,0.01728618208957129,4.990502435746646,2.371586086151874,0.1058105737411978,0.0510125131186014,0,0,5.4772727272727275,1.7585490367310594
B_5,6,-4.858634764629979,1.8984819908341695,0.31258604269890305,0.03175763381504819,0.16890623452601186,0.020270034077213155,4.1831771603605326,2.4547830669904758,0.2260634881435989,0.13319885803956935,0,0,4.886363636363637,1.754938667064625
B_5,7,-7.353577846632534,4.597872342001964,0.28507348397057497,0.03701965237745131,0.14775294333923686,0.01650365918081135,2.265474838136739,1.473122348979102,0.5299898545689039,0.12713506747629758,0,0,4.045454545454546,1.8420734709300932
B_5,8,-19.68489648559373,2.466866821080032,0.24458572819205363,0.008930313638710712,0.13300495961746506,0.018467648742987938,7.01137984422902,6.153899802624885,0.7187145974794187,0.09413498013876866,0,0,4.909090909090909,1.9862103897808945
B_5,9,-20.16968416303993,4.079590905087944,0.26944240623989074,0.01139128445840165,0.13738857731306026,0.011490495375849629,0.9359819197189699,1.1611816711695173,0.7133821444233899,0.09535339097055673,0,0,4.113636363636363,2.264138103797014
B_5,10,-26.32414365051866,1.1577731717029158,0.2595869933249145,0.008228623007395302,0.1273075019861481,0.01553724982980913,7.77080215342215,5.3171430004731794,0.6105609553605241,0.14757366416155102,0,0,4.295454545454546,1.9716543101710469
B_5,11,-17.379101997664716,4.561056904682923,0.22359756544117299,0.018705878249177806,0.13186283683358369,0.014213643637297912,1.3638629511588154,1.360574518627218,0.6532713517605123,0.1699426861699904,0,0,3.6818181818181817,2.043398073578321
B_5,12,-20.381225634613575,4.122588919157035,0.22192421219849598,0.029180196863153016,0.14594080224692713,0.027622399926295768,3.3437658621558612,3.997798550232204,0.6114844790942591,0.14863169475243743,0,0,3.3863636363636362,1.7416366145816944
B_5,13,-12.559005824290887,4.18841228311052,0.31301111950632954,0.022034738264636734,0.20318770349892024,0.02792034741841367,8.485545830151201,6.011563928704214,0.4512067011764879,0.17219928275444196,0,0,3.5454545454545454,1.8609143220914028
B_5,14,-4.992490022025862,1.77452968956119,0.3552613836437801,0.11939621054173578,0.23784830091542877,0.0923244375679543,2.799676009566318,2.218324875304018,0.4385086427605369,0.19499008791228886,0,0,2.8181818181818183,1.7688878028853663
B_5,15,-12.344814141892455,4.323358905363344,0.215348036873806,0.014412303719740449,0.12024078536599724,0.007890981860855127,3.5172707049811143,4.999561920650532,0.6940691008977613,0.09229526540018107,0,0,4.2272727272727275,1.736926400063889
B_5,16,-14.800940717237129,7.672496843158731,0.23653996759752413,0.014623923003433155,0.11796758389919812,0.01001442750154553,5.262672511265866,6.566077188490564,0.7872590334913803,0.07403802160210199,0,0,4.863636363636363,2.0068592735324553
B_5,17,-4.163133126473533,0.9048532166976114,0.23956504125115738,0.03340698162692933,0.1152063447773907,0.009182449869032617,0.9355616965752829,1.339016392446424,0.7689900066987534,0.13752742048633512,0,0,4.613636363636363,1.9315725499851768
B_5,18,-6.930339410141925,1.5749158413673605,0.3425648481381246,0.06444701552149032,0.1877542360984129,0.04680364541636116,8.79947255345379,5.976008842009502,0.5170782611847489,0.1009131792680552,0,0,3.5454545454545454,1.7843576846369797
B_5,19,-10.986648073200566,1.1067835549422818,0.2801549364317059,0.03419175141337124,0.15621770767240423,0.015595020731326696,1.6041501826352282,1.283544223435681,0.5805356475523321,0.16331920167307157,0,0,3.5681818181818183,2.0953739442336685
B_5,20,-14.887743788751958,2.273071802700324,0.27193640385311735,0.03288390410196243,0.14361990219590084,0.014277232395949463,4.877285988311695,3.4155862612136896,0.46765597008117593,0.19078604537822907,0,0,3.7954545454545454,1.7196476850438098
B_5,21,-12.375143909174316,1.9768250749963414,0.30044569784496633,0.03759829618408841,0.1689604884884993,0.012248539601768948,6.171401817615173,4.181348554327,0.34278609168455676,0.11032030845024982,0,0,3.7045454545454546,1.7060704946659018
B_5,22,-11.904391575712904,2.147214420737467,0.298434546963077,0.014278285054987605,0.1771825590002783,0.010613114909780709,2.2528822084127653,1.2667327846125962,0.36027053944623594,0.18681595208126556,0,0,3.9318181818181817,1.8850418201853716
B_5,23,-7.398263123670222,1.0665145579609312,0.3098953803114443,0.02115181851374237,0.18392598931965184,0.024533479772491765,9.458379266769233,3.562482727205745,0.28907813822414674,0.09155205475483584,0,0,4.068181818181818,1.809506257631048
B_5,24,-10.516268296566261,3.1264527055959968,0.3081230769440383,0.01116744045347383,0.1782220156941707,0.020433097722424968,4.418662235396885,5.164126293418585,0.43560257180501755,0.13902449254410543,0,0,3.5681818181818183,1.689884092251042
B_5,25,-13.972204527901418,3.249434512555331,0.2880721521194159,0.031355029829459244,0.17949811044214758,0.019020953040611015,5.937371026408867,4.42106514043615,0.4697461206942698,0.15863535446402433,0,0,3.7045454545454546,1.518560295141045
B_5,26,-10.411246831584446,1.1351339430502603,0.23645614000904663,0.007459601498271499,0.1525239342349479,0.017016142097386628,8.642191006396036,4.639368990067009,0.3462900076366814,0.127049231733435,0,0,3.2954545454545454,1.7331185154465085
B_5,27,-8.53261168562752,1.5302796426945853,0.2472911506714647,0.04321776162042096,0.1526280779798187,0.03465242766103273,2.142636128857727,2.3301538981171865,0.5985112631748226,0.22687462434428693,0,0,3.7954545454545454,1.935945721112846
B_5,28,-10.81316205751973,3.585340081868863,0.22381384992050948,0.014411067569036179,0.13424524960078948,0.018051253033237277,10.484621306405854,8.350920000805337,0.7530495476665489,0.1689243667658618,0,0,4.409090909090909,2.026776359184207
B_5,29,-7.6719227779161905,1.8998613686103107,0.22479292601511983,0.034015654105224474,0.11894475267425374,0.02486140452640027,6.5152075591110945,7.101337626688449,0.791784836909145,0.23756344754028189,0,0,5.113636363636363,2.2947453533641746
B_5,30,-4.965089288489177,0.6433506299446587,0.2505064768419178,0.017879551519105436,0.11695704164354334,0.012221028446018977,3.486822504059447,5.4828331805336665,0.7540310865870737,0.2598943141077584,0,0,5.2272727272727275,2.239846717799881
B_5,31,-6.469352445387937,2.172846394617887,0.23117005374163582,0.020849298760032185,0.09366742773317464,0.013155082824146448,8.32636200706041,7.191717060567528,0.7463076477833834,0.27023336279448223,0,0,5.9772727272727275,2.528798192023849
B_6,1,-1.485502180904112,0.8668190080915761,0.28874949925170157,0.013604739906409527,0.17754740216274043,0.013002149442053556,6.805841681032789,5.300371494372954,0.42970865195345004,0.12459955320803255,0,1,4.295454545454546,1.9598237397554634
B_6,2,-11.087485037260398,5.035723627417998,0.26240519640680887,0.014813393291765283,0.17531836890684918,0.01021802049340309,2.550790574366045,1.4833222587951398,0.4306619218415051,0.09687570044458725,0,1,4.295454545454546,1.9238955811551104
B_6,3,-13.78179467836718,4.492452486080977,0.31242834940326697,0.017326589168488428,0.1801289646199344,0.01142110897630077,6.719911567406837,4.612511445252856,0.3113373325645244,0.1244268363173682,0,1,3.840909090909091,1.9876734304110284
B_6,4,-7.249094437691946,0.8397751462135573,0.27563190250252895,0.04830555609061748,0.14338153339505386,0.03442305383311468,4.52039316154169,4.114937247035054,0.3802269935238311,0.14155595365362283,0,1,3.75,1.7537335588249536
B_6,5,-6.83543908375693,1.0315744603895551,0.28187488150201395,0.023808885018176414,0.15804575010935876,0.02063133895139546,5.971574886212932,5.945153956300098,0.4315427446810426,0.22512817913025432,0,1,3.727272727272727,1.7961669312233473
B_6,6,-4.697565526926291,0.5632116017214756,0.2661631131880255,0.031626088975988245,0.14745611668152966,0.022513580342237792,7.423471116780124,5.294789309217814,0.5899588620885852,0.14899358542208802,0,1,3.3636363636363638,1.7532814296826937
B_6,7,-6.660133398055918,1.2041768194642608,0.2739479376083607,0.01442517142420821,0.17491597549312513,0.015398554768568261,3.01912641478105,1.6774914443245712,0.2948165450417857,0.11547046380500517,0,1,4.159090909090909,1.9759387738629375
B_6,8,-5.0763939249510885,0.23423095126013022,0.28689110917359095,0.012500000309828044,0.1789500283432373,0.011977107251625908,4.5056063423333415,3.4881974035053975,0.27950032368306904,0.13760772087270207,0,1,4.590909090909091,1.8340219092574557
B_6,9,-8.58010502348778,0.9307168823562828,0.25916674522436867,0.019240577042993486,0.16764944183765973,0.014346978308456559,7.98452499484892,5.729003719361566,0.4598501421492369,0.16651717094374993,0,1,3.6818181818181817,1.6392387239448496
B_6,10,-9.789574256925384,1.6129649871374925,0.2511932340897414,0.01428768362897089,0.1722428220436573,0.01569267332698214,1.286017495266725,1.1780669751074724,0.6233059705143309,0.10529018571370094,0,1,4.409090909090909,1.9085874701145409
B_6,11,-14.683328820526901,3.709233399805733,0.2605928429099108,0.017440503846615257,0.15909978584650458,0.01617028834972231,8.13761459612955,3.885064142596135,0.4132530796242549,0.1650657372394017,0,1,4.2272727272727275,1.939355399546594
B_6,12,-9.386188243588473,4.136818351959203,0.26017802164101017,0.022688302924647005,0.1503654370518382,0.018490810737039075,3.6239504747871014,2.645007014037761,0.27728880772435893,0.11351981719160019,0,1,4.613636363636363,1.9673605159139405
B_6,13,-4.000150629843052,1.86659898324008,0.3629017130412586,0.01882725433275743,0.1748420708049828,0.014757540776771784,4.2126139369276405,3.019533192493805,0.21425518653595058,0.13465231075228695,0,1,4.5227272727272725,1.9348533549820806
B_6,14,-2.759928616702086,2.7349739525592573,0.39343093388492706,0.01614460760824148,0.16923098803991354,0.011228611089746147,4.9963771631889715,3.7060548449388784,0.1507748477173588,0.07972866833942957,0,1,5.386363636363637,2.0933550359539854
B_6,15,-4.37366436952405,1.3195234274594283,0.4045909333972724,0.005273837088676499,0.209900130806807,0.004121874232881891,7.057557785724313,3.7763383204265653,0.1888287593016396,0.06997622811805851,0,1,6.568181818181818,1.9216965284791223
B_6,16,-3.900785381249981,1.769511561012517,0.4161268484881354,0.00402574111664336,0.22181146831298845,0.007269863086327742,4.0812464451879595,3.3428732773870458,0.2547735000912926,0.0718642705897026,0,1,6.204545454545454,2.0638589443253825
B_6,17,-5.1002316910584815,2.5717446010705376,0.41889267743004027,0.008704950357171238,0.23284192964738182,0.004880177254633648,6.340725159352263,3.61687915931607,0.1593130813498177,0.0638930188509279,0,1,6.840909090909091,2.3421633988456434
B_6,18,-3.736666769343047,1.9487387775178469,0.43384677140076205,0.006861616149675625,0.22382581888253428,0.006237116057226758,4.930300871445095,3.2998760014141255,0.1350660832765513,0.05412770715103707,0,1,6.636363636363637,2.3035958654254167
B_6,19,-4.2770518355588,0.3088730498225318,0.3219158537537267,0.06632996854435917,0.17541832199531598,0.034009207758457755,8.228370061812983,4.002730100628703,0.18572379217113355,0.10562567135148482,0,1,6.7727272727272725,2.0100171972379712
B_6,20,0.6787109529948067,2.8738780952118326,0.2028557212401189,0.010212878798951714,0.11496318947758084,0.005438413443173888,4.6192999495062494,2.2650825574190296,0.11127412039783274,0.056262024549807964,0,1,6.7272727272727275,1.7302189183121923
B_7,1,-1.2015335547674129,2.0564129518385466,0.18602715899116104,0.01620290386962578,0.12775549937954708,0.013474481236518976,5.649323525539599,3.187571986504442,0.24655956641578528,0.11037170343120167,0,1,3.25,1.4325940043834293
B_7,2,-1.4461266615493713,0.6853536068203326,0.15739675643998693,0.01067169620690374,0.09750103917632356,0.008160685354779342,7.120611738051789,4.795103369466055,0.3706962902047262,0.18132483287250342,0,1,4.159090909090909,2.0679523837145726
B_7,3,-3.4738334843246474,1.711844615137232,0.1858737576634177,0.016841830584456492,0.1157678551933298,0.01030077343178671,5.714795633045283,5.010084925201134,0.35628188806098665,0.15495969779190247,0,1,3.409090909090909,1.8084836487572704
B_7,4,-4.48516669008932,1.0833649240523442,0.19130124320766223,0.021092791074686125,0.11897722636318271,0.013313337199324059,4.2607256926975285,3.3744346623675083,0.3045665932802682,0.15272429470325502,0,1,3.8863636363636362,1.8827973879916897
B_7,5,-1.207334471955542,0.36401522974828615,0.17801072551683983,0.009313186341206009,0.11261861833152628,0.011615832456003512,6.902348766447664,4.122666218015119,0.17890730208831013,0.11771832020769879,0,1,5.204545454545454,2.1084497275723195
B_7,6,-1.9732642724785052,1.1468373087642494,0.15570477264265736,0.008626320234667638,0.1028550917832177,0.00893511653780473,5.0024990282892245,2.5722099805256877,0.16718719368815685,0.07289527861172611,0,1,6.113636363636363,1.8951088707869288
B_7,7,-9.69474804384094,3.4410521640209057,0.1488240115827787,0.012027258994256763,0.08748441181013007,0.004400011929451781,5.668844723548636,2.89539443277458,0.1514680843936809,0.07193501474058157,0,1,6.0,1.9047065329714667
B_7,8,-6.2849254551447755,5.836465100097985,0.1817026524894571,0.008039144792385268,0.10003440727975275,0.00502275550276343,5.96987405947095,3.265744184866483,0.1377589750634483,0.08855708018905141,0,1,6.636363636363637,1.917979909816807
B_7,9,1.2402304512841105,1.6624050205082512,0.2276995767348715,0.04131794920797011,0.12433633861503889,0.020006729217908206,4.325108768138113,2.7698767491591187,0.20671157916463162,0.12195094284073082,0,1,6.613636363636363,1.754938667064625
B_8,1,-1.70571963652524,1.9200052559954293,0.273345995677122,0.033404214219725906,0.13984765354991222,0.010480290803352874,6.52123594903948,3.7210985751366366,0.15187054881126655,0.06143299070849651,0,0,4.795454545454546,1.9598237397554634
B_8,2,-0.9100160735084803,2.071117599952527,0.251779017650005,0.016134990683756883,0.1442377110423789,0.015635877535796698,4.948773698855162,4.041949842120567,0.26066483233745474,0.12141761433919597,0,0,4.636363636363637,1.8935743129454765
B_8,3,-6.754721496410961,1.1082201518453039,0.24946168643613478,0.014423280060854542,0.15583156425785388,0.007087268124217482,5.826728309497783,4.350189019903806,0.3444879688355752,0.14657546931375118,0,0,4.5227272727272725,1.810674246300434
B_8,4,-13.472282028649648,2.561225818612796,0.2717490524898093,0.019005037339899153,0.168248097822498,0.011650106933106386,5.287518734953736,5.075574934609698,0.43777554208231434,0.11181247202217559,0,0,3.8863636363636362,1.819991171597666
B_8,5,-8.101452776856565,3.763265866121404,0.3359219799070593,0.050171619558223336,0.18685922430862406,0.028688897533620524,4.413790370754244,2.41929515768504,0.24752688809845888,0.1321140198991489,0,0,3.5,1.8489469032838102
B_8,6,-4.206606728586822,2.317030525607749,0.3107540155557991,0.02941179785286478,0.16930480211638935,0.02537557847772813,6.360042163993589,4.119953308078576,0.29329433263584453,0.1586790637243403,0,0,4.409090909090909,2.3058891421162007
B_8,7,-5.44970512010641,4.453297678416618,0.3288093562628815,0.03151751160953938,0.16616489083492164,0.02146564781891059,2.3362328571345565,1.424665450879116,0.4163203033841719,0.16781754948841923,0,0,3.8636363636363638,2.0526886406347944
B_8,8,-8.384591502141586,0.5369745798616985,0.28630225638247525,0.030698885743240527,0.17387077621410515,0.013734870100479649,5.585452928006693,3.522525324970607,0.20453073850996237,0.10584938885394049,0,0,3.3181818181818183,1.6812609784924137
B_8,9,-5.064498662705874,1.3035568242902733,0.2967954725825799,0.01877419469879521,0.1677856360827309,0.016763628822935993,4.639008554117851,3.569971311919285,0.3042036984732327,0.12337654153121759,0,0,3.4318181818181817,1.78361701062531
B_8,10,-2.986438092392971,1.9331783137971958,0.28854237413483863,0.03640458636054455,0.16860982134742744,0.02299445796207576,6.449948277465367,4.8636774304829355,0.41975342798448084,0.18308214988057805,0,0,4.0,1.8552251790864307
B_8,11,-7.685173888252904,1.807721743938634,0.2997910877762159,0.03831343094591046,0.1635191147887942,0.025606625895109487,5.772070882637093,5.196117165350846,0.5544974370295096,0.10035894533647238,0,0,3.5,1.7185716080783553
B_8,12,-11.062571260546784,1.0852130466825214,0.32511519771059827,0.05299266504415839,0.1792846149361082,0.026457469633542396,2.2300470454381722,1.4783375756653616,0.5065390478016387,0.08123309641828372,0,0,4.704545454545454,2.0411982966527114
B_8,13,-6.9058583212304026,2.992913344383348,0.270233378114976,0.02284692231603688,0.15315335908158903,0.010987035575300185,6.209970857753967,4.131921265553811,0.290005509709466,0.1660274138959344,0,0,5.7727272727272725,1.9984137472719234
B_8,14,-2.4023909107992005,4.343331615701905,0.2664677007045936,0.03256495216960992,0.15098459343188278,0.011332881297747465,5.036130667255069,4.051444823828305,0.2821037136335047,0.08713472938543801,0,0,5.454545454545454,2.0397736474348216
B_8,15,-10.470638076849712,5.027590180689017,0.3073355973948639,0.012142504270643333,0.15186002419376296,0.017996883158276408,6.639414388105925,3.433036332861098,0.2151663397008047,0.0833099212648399,0,0,4.795454545454546,1.8246317940703398
B_8,16,-8.166047924255881,5.396967067627378,0.25588155393451417,0.013217677827893848,0.1519911571011803,0.011824724533028245,4.307545922390437,3.31516422751416,0.45773933324306715,0.08620303786174459,0,0,5.5227272727272725,1.9227963691921293
B_8,17,-18.231660582266503,1.7270249406387097,0.2665712982908289,0.014369837072483752,0.14275028866519232,0.014838312606361764,4.828212723067752,3.5805361479453284,0.3776573275163652,0.10202934926327988,0,0,5.090909090909091,1.8149019041744094
B_8,18,-15.361382982248156,3.4096407190163265,0.2583063544069288,0.0335087974189713,0.1434622486038273,0.013562481267092167,3.552765115666429,3.894017575293492,0.5761522127951504,0.1337165173437292,0,0,3.977272727272727,1.861340306833641
B_8,19,-15.800939457689868,3.0748118278308647,0.24590106865830424,0.033231649909845604,0.13455841195546217,0.017851919886496575,4.907144780181941,6.2470260261030495,0.5697152443323472,0.10461174024047064,0,0,4.295454545454546,1.6923843844891084
B_8,20,-5.2122913053716955,3.4468316452999503,0.31991934197935357,0.015476678553812075,0.1501077509830018,0.017011328362581124,7.7055728768935445,3.924222460416628,0.20636719056974945,0.09093065368366374,0,0,4.0,2.0798032107266393
B_8,21,-4.918503483635297,3.963961974456199,0.343424423875251,0.010834773639291707,0.14365410485013305,0.011214175901066353,2.6502518315669414,3.4442432426084424,0.4640893290931302,0.15065930767009791,0,0,3.772727272727273,1.9393553995465938
B_8,22,-16.66550341507161,1.2290880039534409,0.2879161069326655,0.018347238645000596,0.1374680530798948,0.01793725957747248,7.989168458293671,5.737106215008697,0.42200795774380223,0.14604063519977173,0,0,3.3181818181818183,1.4749493845903983
B_8,23,-11.17800334237489,3.8775488148327795,0.33297778899688346,0.025513026654800233,0.15953222403445452,0.014334561279735447,3.6364009768178023,2.8918710240358774,0.3364020036947869,0.07415076697863665,0,0,3.9318181818181817,1.6621326630053255
B_8,24,-14.008536054230234,2.105738452248018,0.33561644909788413,0.023366171767581698,0.17267146202237313,0.019172909862090845,4.835012313063911,3.6113590173588435,0.23945670005649866,0.11903078116808895,0,0,4.386363636363637,1.7812447841249994
B_8,25,-7.364900265611781,1.9652586874251088,0.32266192189467385,0.022890372115357858,0.1885383055384168,0.01114450458335688,6.53242042425596,3.512604271737261,0.1724763232998205,0.08915126700874798,0,0,4.204545454545454,1.8995659902657258
B_8,26,-8.238481620244244,1.8986001468473577,0.312914063063762,0.02795744808963211,0.17878821948283996,0.025416483735240792,5.496947153710471,4.166282100074096,0.17877657781946996,0.09531606317831326,0,0,4.590909090909091,2.345883894688161
B_8,27,-2.956595488788554,2.771922811203249,0.2902352241771943,0.060129132116060295,0.1595154097600329,0.020719018256342613,7.155561626913899,4.265057571455618,0.21090449216400284,0.08806771864445594,0,0,5.045454545454546,2.123561570115611
B_8,28,-5.506411085469065,2.599723727633714,0.26926260357919907,0.016301065076087126,0.1577970354803188,0.014887698610805886,4.590047635610474,3.2826372758472386,0.26678266050214616,0.13738504178065222,0,0,4.795454545454546,1.9117694890548869
B_8,29,-3.9148097638177553,2.5100965320802104,0.26552242283756483,0.02354246178230683,0.1732416169002448,0.013463196633741558,7.635697622074573,4.217951367953288,0.21480986628062143,0.10264729438573324,0,0,4.2727272727272725,2.117080442096773
B_8,30,-6.788013573452252,1.8081899795294887,0.3168487431364728,0.013840617656446754,0.16893463821594729,0.011446403904138659,6.039073419885352,3.565107705172179,0.19036586766926208,0.062364557384452526,0,0,4.931818181818182,1.9337603717823173
B_8,31,-2.048497362164391,2.847423716884119,0.2819862469212712,0.023102707906811914,0.17543571312327627,0.01638924718906942,2.8681469750776034,1.041897492932127,0.23639212124031825,0.08505887295894762,0,0,5.295454545454546,1.7331185154465085
B_8,32,-4.373765477553089,5.937546838072451,0.37220097426018506,0.046364744986759826,0.20279708006652958,0.021737314570197095,5.078413815447897,2.694745354484539,0.18669893232909018,0.08064339216062938,0,0,4.568181818181818,1.933760371782317
B_8,33,-7.384464168472655,3.924940359251733,0.31023103213952297,0.016041743774980938,0.1723767680786216,0.014802624453477473,8.664722571057073,3.643684117243772,0.14445934256583606,0.08410911926123639,0,0,5.204545454545454,1.8624757898166828
B_8,34,-5.756339307670427,3.529687341473017,0.29865019823725764,0.025755214275593005,0.16511710053595813,0.023028938892492988,4.876697028552938,2.825806672908171,0.28447816614250737,0.114226201803701,0,0,4.068181818181818,2.1284094648103533
B_9,1,-0.7541322254035937,0.9100495428120552,0.3232509057152617,0.037879296954839194,0.16054927315478626,0.021764341042440433,5.517753086159572,3.2065343745955097,0.15463150983908208,0.07959381955966928,0,1,4.4772727272727275,1.8234727456484294
B_9,2,-2.330166408012339,0.5906568806950055,0.3065799289112924,0.06497601770907584,0.1479422525310355,0.02327432790939711,5.716685274505557,4.151742417207738,0.30226707189000346,0.1663696439399261,0,1,5.909090909090909,2.1110802020412005
B_9,3,-2.814031786388831,0.8961086906497697,0.3272709711691211,0.055112952186852554,0.1404546885040577,0.027140619239260727,4.220711510812378,3.4474898662265536,0.2987986923734851,0.15594647478030507,0,1,3.7045454545454546,2.1842943137426847
B_9,4,-2.0472784808751716,0.8134315376906683,0.30591724821249056,0.042539530667047014,0.1514504754665813,0.02106438321619333,5.355622299881244,6.0804737921675995,0.5707175640721457,0.22430342175584825,0,1,4.590909090909091,2.2548983560671876
B_9,5,-5.437223065816166,1.0433888708094354,0.2571618444458641,0.025933414553514778,0.11172147978748409,0.023237909723722396,8.354181697645513,6.512136139198261,0.6703611218726259,0.3099949174885481,0,1,4.431818181818182,2.276244635488893
B_9,6,-4.096788647938103,1.8026138732930803,0.24259891322923027,0.018824913692522264,0.09341075809432413,0.0072444112517980955,2.041463382263425,3.2494785520474627,0.6705578628704335,0.31330682910904645,0,1,5.386363636363637,2.2641381037970145
B_9,7,-5.374900947568863,1.3698931839625996,0.25311577819760456,0.012447789941516792,0.10272338286884244,0.011023312096401505,8.482426840096284,6.147048925760615,0.6655051454515646,0.27645926156765005,0,1,5.068181818181818,2.0842457480504515
B_9,8,-7.794945947089484,0.7522046896055764,0.23922696901760446,0.020298091541790526,0.08628761936437683,0.008781837513525593,2.9292456384416434,4.253619206870657,0.6886785013640896,0.31767326124338285,0,1,5.886363636363637,2.5078102102710957
B_9,9,-3.6701284375020906,0.8073958281163734,0.28171449210112376,0.03031656643531932,0.13644790260663484,0.018911211700873336,6.69828587175873,4.496147585498588,0.45406010493510873,0.23700063324931014,0,1,3.0454545454545454,1.6837740755281627
B_9,10,-3.6809802458543555,2.121813274349239,0.33977030437699013,0.029980998160270562,0.16372505054074926,0.013049972455952432,2.8662696752268535,2.117772227948609,0.40611238802402416,0.21107641176628558,0,1,3.477272727272727,1.861340306833641
B_9,11,-3.117537533299176,1.9057013035662291,0.2705130691484502,0.016504484833277995,0.10344966021906593,0.014519291565086268,1.094010980140441,1.691507736089952,0.8136791342628023,0.23819922206020738,0,1,6.25,2.2529051012745387
B_9,12,-9.470218778278198,0.96319983117345,0.29908542055400106,0.06407263000302826,0.1420963024199114,0.07241617434645668,1.9613594099819456,2.210338502719916,0.6382494710530878,0.25778302700801986,0,1,5.113636363636363,2.3744366195041473
B_9,13,-4.886933242970015,1.09883149413423,0.26614530855487184,0.07114552739844018,0.15452609911654766,0.06190977913343557,5.9995960384419975,3.7125602262022683,0.2453831524772408,0.10193920195716293,0,1,6.181818181818182,2.721770347887286
B_9,14,-0.6772099599604454,2.052782843616503,0.19175883295991697,0.010552048758064553,0.11294674813677288,0.01165730259594843,5.108544751037325,2.933730879315506,0.1142059808928555,0.05815255048202351,0,1,8.113636363636363,1.6455141147686179
B_9,15,0.4220744588721904,1.4452260986879208,0.27333546487069255,0.06889784221646714,0.11903783895279657,0.018217775001575027,6.1327357463660075,4.358454398921306,0.4306052668002093,0.15097811358944557,0,1,6.818181818181818,1.9561795617481716
B_9,16,-6.668520276227621,0.6307162177786595,0.3672445587413912,0.007309784464220744,0.16952614600755667,0.02091202138748905,5.261925758481051,4.306272137596506,0.39367557753156096,0.11301443189315262,0,1,5.659090909090909,2.3912941112349735
B_9,17,-0.5471716634824825,2.0599003332859045,0.3186342423750292,0.018447497796451433,0.16530366204238264,0.014462981453810678,5.800378357351842,3.377373772187855,0.17432632297403847,0.04382351074890661,0,1,6.363636363636363,1.8437942312034246
B_9,18,1.175431122385624,1.0657757894152797,0.26004150775936236,0.014702315845321395,0.14002869620472733,0.006828129501555681,5.669550772237403,3.2128799958730716,0.09103937636942154,0.0421180567066033,0,1,6.840909090909091,1.9641340102314788
B_9,19,2.6813102039020227,0.40875551098723006,0.24372260709279103,0.010057316694717159,0.1299849080388155,0.008802638062524515,5.545283240998684,2.8147537595732244,0.07941447169871459,0.0507064976929057,0,1,6.7727272727272725,1.815484256797828
